EPI_ISL_535418	B.1.1.53
INNODE23059	B.1.208
INNODE4063	B.1.177.75
INNODE27418	B.1.160.32
INNODE29834	B.4.4
INNODE6488	B.1.595.3
INNODE28981	B.1.282
INNODE18702	B.1.1.123
INNODE23053	B.1.178
INNODE14578	B.1.1.448
INNODE11063	B.1.1.306
INNODE23048	B.1.146
INNODE29827	B.6
INNODE8415	B.1.557
INNODE28734	GH
INNODE28973	B.1.480
INNODE17600	B.1.1.416
EPI_ISL_548982	V
INNODE6239	B.1.579
INNODE16514	B.1.1.353
EPI_ISL_730649	B.1.160.18
INNODE17609	GR
INNODE14105	B.1.1.308
INNODE15671	B.1.1.261
INNODE8660	B.1.222
INNODE5393	B.1.564
INNODE4284	B.1.177.49
INNODE27439	B.1.160.29
INNODE8642	B.1.201
INNODE29858	B.4.5
INNODE18960	B.1.1.438
INNODE29613	B.37
INNODE8644	B.1.618
INNODE17872	B.1.1.234
INNODE28521	B.1.466.1
INNODE16785	B.1.1.380
INNODE26584	B.1.465
INNODE28762	B.1.164
INNODE29850	B.4.8
INNODE18966	B.1.1.134
INNODE23075	B.1.151
INNODE17879	B.1.1.45
INNODE17639	AM.4
INNODE15209	B.1.1.373
INNODE16308	B.1.1.34
INNODE11088	B.1.1.337
INNODE14114	B.1.1.332
INNODE15683	B.1.1.349
INNODE14593	B.1.1.110
INNODE29607	B.39
INNODE6693	B.1.308
INNODE26338	B.1.413
INNODE16770	B.1.1.424
INNODE8877	B.1.91
INNODE16771	B.1.1.138
INNODE6215	B.1.445
INNODE8634	B.1.23
INNODE23068	B.1.6
INNODE28511	B.1.463
INNODE18950	B.1.1.420
INNODE7786	B.1.120
INNODE17862	B.1.1.121
INNODE16776	B.1.1.149
INNODE18957	B.1.1.436
INNODE18717	B.1.1.225
INNODE15458	AD.2
INNODE15697	B.1.1.347
INNODE3192	AA.6
INNODE5196	B.1.444
INNODE26769	B.1.36.10
INNODE23017	B.1.214.2
INNODE6285	B.1.342
INNODE8469	B.1.106
INNODE9558	C.31
INNODE23256	B.1.390
INNODE26521	B.1.605
INNODE25672	B.1.595.1
INNODE9319	B.1.77
INNODE17811	B.1.1.118
INNODE1830	B.1.177.53
INNODE15865	B.1.1.10
INNODE15623	B.1.1.37
INNODE13685	C.5
INNODE13686	C.20
INNODE11024	B.1.1.283
INNODE13441	C.36.1
INNODE28706	B.1.170
INNODE23004	B.1.212
INNODE22399	B.1.258
INNODE6277	B.1.623
INNODE6274	B.1.575.1
INNODE23000	B.1.210
INNODE9547	B.1.1.114
INNODE9788	B.1.1.483
INNODE6278	B.1.575
INNODE7126	B.1.44
INNODE22150	B.1.258.7
EPI_ISL_560401	B.1.1.30
INNODE15638	B.1.1.415
INNODE17804	B.1.1.268
INNODE15636	B.1.1.310
INNODE1826	W.2
INNODE10186	B.1.1.363
INNODE15630	B.1.1.440
INNODE5191	B.1.116
INNODE8461	B.1.380
INNODE7371	B.1.305
INNODE5175	B.1.429
INNODE8201	B.1.565
INNODE29814	B.6.5
INNODE9531	AP.1
INNODE26786	O
INNODE27631	B.1.160.25
INNODE26542	B.1.451
INNODE6026	B.1.360
INNODE7599	B.1.289
INNODE16983	B.1.1.227
INNODE26782	B.1.184
INNODE16743	B.1.1.389
INNODE16744	B.1.1.63
INNODE22181	B.1.258.18
INNODE1814	W.1
INNODE16508	B.1.1.354
INNODE15887	B.1.1.303
INNODE14554	B.1.1.54
INNODE13462	C.36.2
INNODE14790	B.1.1.204
INNODE11041	B.1.1.181
INNODE6031	B.1.264.1
INNODE28728	B.1.456
INNODE7343	B.1.319
INNODE23027	B.1.214
INNODE8673	B.1.134
INNODE6010	B.1.324
INNODE7347	B.1.604
INNODE23265	B.1.94
INNODE16970	B.1.1.157
INNODE6257	B.1.340
INNODE27860	B.1.36.39
INNODE28950	B.1.389
INNODE7109	B.1.576
INNODE26530	B.1.38
INNODE6018	B.1.348
INNODE8439	B.1.93
INNODE17821	B.1.1.148
INNODE17823	B.1.1.107
INNODE22170	B.1.258.6
INNODE14325	B.1.1.207
INNODE13479	C.36
INNODE1806	W.3
INNODE15652	B.1.1.309
INNODE15892	B.1.1.444
INNODE28717	B.1.124
INNODE5551	B.1.443
INNODE17452	B.1.1.232
INNODE27018	B.1.160.13
INNODE29679	B.29
INNODE18543	B.1.1.359
INNODE27257	B.1.160.26
INNODE26168	B.1.597
INNODE6648	B.1.573
INNODE3379	B.1.177.17
INNODE18304	B.1.1.132
INNODE16369	B.1.1.186
INNODE17458	B.1.1.83
INNODE28100	B.1.36.23
INNODE6404	B.1.450
INNODE30428	A.25
INNODE6408	B.1.566
INNODE15268	D.5
INNODE14178	AH.2
INNODE21954	B.1.258.21
INNODE220	B.1.177.7
INNODE28338	B.1.36.12
INNODE6874	B.1.366
INNODE17683	B.1.1.216
INNODE16353	B.1.1.125
INNODE6633	B.1.572
INNODE29667	B.31
INNODE17201	B.1.1.365
INNODE17202	B.1.1.379
INNODE27486	B.1.160.21
INNODE19866	B.1.1.175
INNODE17688	B.1.1.357
INNODE27242	B.1.160.17
INNODE17447	AK.1
INNODE18536	B.1.1.15
INNODE7728	B.1.115
INNODE9909	B.1.1.29
INNODE21948	B.1.258.11
INNODE20859	B.1.240
INNODE15273	B.1.1.25
INNODE3110	B.1.177.78
INNODE16144	B.1.1.302
INNODE3597	B.1.177.18
INNODE29698	B.44
INNODE6626	B.1.325
INNODE18568	B.1.1.428
INNODE6868	B.1.313
INNODE7954	B.1.486
INNODE29454	B.35
INNODE5537	B.1.111
INNODE29211	B.1.37
INNODE5778	B.1.362
INNODE19419	B.1.1.394
INNODE30448	A.21
INNODE27280	B.1.1.445
INNODE27281	B.1.160.31
INNODE26190	B.1.586
INNODE23916	B.1.495
INNODE14196	B.1.1.241
INNODE22822	B.1.221.1
INNODE16390	B.1.1.406
INNODE21978	B.1.258.10
INNODE18790	B.1.1.340
INNODE2493	B.1.177.88
INNODE17463	B.1.1.120
INNODE18310	B.1.534
INNODE17221	B.1.1.376
INNODE10609	B.1.1.521
INNODE16374	B.1.1.485
INNODE5761	B.1.362.1
INNODE19641	B.1.533
INNODE17223	B.1.1.341
INNODE29689	B.30
INNODE5521	B.1.163
INNODE18557	B.1.1.184
INNODE18798	B.1.1.161
INNODE26176	B.1.40
INNODE19405	B.1.1.12
INNODE30437	A.15
INNODE28593	B.1.469
INNODE15055	B.1.1.27
INNODE23905	B.1.509
INNODE20878	B.1.397
INNODE21967	B.1.258.12
INNODE9951	B.1.1.405
INNODE29638	B.28
INNODE18980	B.1.1.98
INNODE17650	AM.2
INNODE28786	B.1.438.1
INNODE17895	B.1.532
INNODE3179	AA.5
INNODE17412	B.1.1.326
INNODE26365	B.1.452
INNODE8626	B.1.142
INNODE6209	B.1.355
INNODE17418	B.1.1.8
INNODE18508	B.1.1.514
INNODE14137	B.1.1.172
INNODE14377	B.1.1.307
INNODE15465	AD.1
INNODE15223	B.1.1.387
INNODE2092	B.1.177.47
INNODE6430	B.1.591
INNODE29869	B.4.1
INNODE28538	B.1.459
INNODE8613	B.1.383
INNODE26356	B.1.569
INNODE26114	B.1.328
INNODE29622	B.36
INNODE18730	B.1.1.82
INNODE16312	B.1.1.14
INNODE9948	AC.1
INNODE17645	AM.3
INNODE26591	B.1.247
INNODE19825	B.1.1.506
INNODE18736	B.1.1.500
INNODE23081	B.1.529
INNODE15235	D.3
INNODE30409	A.18
INNODE4482	B.1.1.311
INNODE2061	B.1.177.79
INNODE16580	B.1.1.46
INNODE4241	B.1.177.73
INNODE29417	B.1.544
INNODE5572	B.1.112
INNODE27479	B.1.160.24
INNODE7997	B.1.535
INNODE2066	B.1.177.60
INNODE28567	B.1.471
INNODE29898	B.4.6
INNODE16586	B.1.1.201
INNODE26145	B.1.367
INNODE18524	B.1.1.128
INNODE17436	AK.2
INNODE8846	B.1.552
INNODE28320	B.1.36.37
INNODE30405	A.22
INNODE19617	B.1.1.388
INNODE18528	B.1.1.451
INNODE30407	A.11
INNODE15484	B.1.1.315
INNODE29648	B.41
INNODE29406	B.1.22
INNODE6896	B.1.453
INNODE18750	B.1.1.144
EPI_ISL_962034	G
INNODE18995	B.1.1.395
INNODE10809	AE.5
INNODE2299	B.1.177.62
INNODE28313	B.1.470
INNODE6658	B.1.578
INNODE18754	B.1.1.411
INNODE9924	B.1.1.38
INNODE17668	AM.1
INNODE29882	B.4.7
INNODE7504	B.1.309
INNODE5329	B.1.571
INNODE19608	B.1.1.84
EPI_ISL_568556	A.16
INNODE15259	D.4
INNODE15016	B.1.1.70
INNODE14163	AH.3
INNODE17052	B.1.1.441
INNODE18383	B.1.1.213
INNODE17298	B.1.1.269
INNODE17056	B.1.1.200
INNODE19479	B.1.1.193
INNODE4862	B.1.600
INNODE30027	B.45
INNODE4621	B.1.551
INNODE6802	B.1.582
INNODE29277	B.1.110.1
INNODE10419	B.1.1.221
INNODE3537	B.1.177.19
INNODE4869	B.1.157
INNODE30261	A.2.5.2
INNODE5718	B.1.336
INNODE30260	A.2.5.1
INNODE10654	R.1
INNODE1103	B.1.177.59
INNODE22408	B.1.256
INNODE21557	B.1.406
INNODE19482	B.1.1.419
INNODE19462	B.1.1.462
INNODE23721	B.1.500
INNODE16199	B.1.1.182
INNODE2430	B.1.177.27
INNODE18378	B.1.1.430
INNODE19468	B.1.1.203
INNODE18137	B.1.1.385
INNODE29026	B.1.475
INNODE30018	B.46
INNODE3765	B.1.177.84
INNODE19229	B.1.1.458
INNODE27089	B.1.160.23
INNODE10667	B.1.1.518
INNODE29022	B.1.281
INNODE10427	AW.1
INNODE5948	B.1.517.1
INNODE12600	B.1.1.305
EPI_ISL_415506	B.11
INNODE1112	B.1.177.61
INNODE23727	B.1.611
INNODE22639	B.1.221.3
INNODE20699	B.1.240.1
INNODE9075	B.1.69
INNODE19253	B.1.1.345
INNODE23513	B.1.581
INNODE18167	B.1.1.243
INNODE21333	B.1.232
INNODE11529	P.2
INNODE30048	B.10
INNODE3513	B.1.177.45
INNODE2424	B.1.177.24
INNODE10677	B.1.1.77
INNODE5934	B.1.493
INNODE29055	B.1.276
INNODE12611	B.1.1.482
INNODE30043	B.1.14
INNODE1567	B.1.177.81
INNODE30288	A.2.4
INNODE9062	B.1.67
INNODE9065	B.1.379
INNODE19242	B.1.1.346
INNODE23742	B.1.502
INNODE19002	B.1.1.423
INNODE25922	B.1.593
INNODE29047	B.1.274
INNODE14806	B.1.1.391
INNODE13718	C.33
INNODE3987	B.1.177.11
INNODE13715	C.23
INNODE29285	B.1.483
INNODE5928	B.1.3
INNODE4839	B.1.420
INNODE1579	B.1.177.50
INNODE30273	A.2.5
INNODE29290	B.1.476
INNODE30036	B.47
INNODE22419	B.1.190
INNODE9050	B.1.199
INNODE17072	B.1.1.171
INNODE17496	B.1.1.178
INNODE16166	B.1.1.58
INNODE19432	B.1.1.381
INNODE28149	B.1.36.9
INNODE10616	B.1.1.224
INNODE17258	B.1.1.427
INNODE11705	B.1.1.17
INNODE29236	B.1.479
INNODE30227	A.1
INNODE2489	B.1.177.89
INNODE17019	B.1.1.133
INNODE29233	B.1.158
INNODE30468	A.3
INNODE11700	B.1.1.323
INNODE7939	B.1.515
INNODE10856	B.1.1.433
INNODE6609	B.1.606
INNODE1389	B.1.177.55
INNODE15068	B.1.1.513
INNODE17485	B.1.1.364
INNODE17245	B.1.1.417
INNODE19425	B.1.1.202
INNODE29224	B.1.270
INNODE19667	AE.2
INNODE2236	V.2
INNODE3567	B.1.177.20
INNODE6833	B.1.371
INNODE3327	B.1.177.46
INNODE5989	B.1.517
INNODE28373	B.1.36.8
INNODE7926	B.1.434
INNODE11713	B.1.1.142
INNODE21744	B.1.407
INNODE21985	B.1.258.20
INNODE20896	B.1.398
INNODE23921	B.1.359
INNODE23924	B.1.496
INNODE19210	B.1.1.239
INNODE4640	B.1.554
INNODE19215	B.1.1.100
INNODE29257	B.1.478
INNODE4885	B.1.182
INNODE18128	B.1.1.512
INNODE17039	B.1.1.163
INNODE30006	B.52
INNODE5737	B.1.362.2
INNODE11722	B.1.1.257
INNODE10633	B.1.1.158
INNODE10878	B.1.1.162
INNODE10873	B.1.1.401
INNODE20688	B.1.234
INNODE15087	S.1
INNODE16191	B.1.1.515
INNODE23715	B.1.508
INNODE17261	B.1.1.274
INNODE18351	B.1.1.432
INNODE18111	B.1.1.251
INNODE21764	B.1.258.19
INNODE29007	B.1.159
INNODE4873	B.1.225
INNODE3301	B.1.177.15
INNODE19449	B.1.1.40
INNODE28396	B.1.36.19
INNODE7905	B.1.341
INNODE27065	B.1.160.22
INNODE30239	A.6
INNODE29240	B.1.482
INNODE10401	B.1.1.74
INNODE10642	B.1.1.220
INNODE30473	A.24
INNODE23705	B.1.615
INNODE116	B.1.177.21
INNODE16181	B.1.1.196
INNODE21528	B.1.409
INNODE17271	B.1.1.267
INNODE23704	B.1.505
INNODE18360	B.1.1.244
INNODE8389	B.1.559
INNODE9235	B.1.218
INNODE25754	B.1.595.2
INNODE19079	B.1.1.159
INNODE8387	B.1.251
INNODE26602	B.1.466.2
INNODE21158	B.1.381
INNODE22485	B.1.416
INNODE1752	B.1.177.2
INNODE23571	B.1.580
INNODE15948	N.6
INNODE13768	C.6
INNODE2846	B.1.177.40
INNODE15704	B.1.1.409
INNODE11105	B.1.1.339
INNODE12433	B.1.1.284
INNODE13760	C.25
INNODE26609	B.1.466
INNODE8395	B.1.249
INNODE23324	B.1.555
INNODE22236	B.1.258.16
INNODE25987	B.1.601
INNODE25745	B.1.567
INNODE21141	B.1.400
INNODE25982	B.1.432
INNODE1980	B.1.177.5
INNODE2834	B.1.177.41
INNODE13779	C.4
INNODE13535	C.35
INNODE14866	B.1.1.298
INNODE3926	B.1.177.69
INNODE10268	B.1.1.222
INNODE10021	B.1.1.116
INNODE15710	B.1.1.71
INNODE8381	B.1.250
INNODE11590	B.1.1.28
INNODE30090	B.56
INNODE23569	B.1.361
INNODE30092	B.26
INNODE7296	B.1.435
INNODE28803	B.1.438.4
INNODE6189	B.1.168
INNODE27715	B.1.160
INNODE25537	B.1.2
INNODE8365	B.1.104
INNODE9695	B.1.1.176
INNODE9453	B.1.153
INNODE7037	B.1.487
INNODE17911	B.1.1.270
INNODE1732	B.1.177.4
INNODE15729	B.1.1.366
INNODE13306	B.1.1.7
INNODE13545	C.11
INNODE10032	B.1.1.237
INNODE7281	B.1.592
INNODE26629	B.1.462
INNODE8373	B.1.137
INNODE6193	B.1.598
INNODE9203	B.1.530
INNODE27945	B.1.36.18
INNODE23588	B.1.499.1
INNODE8597	B.1.84
INNODE8355	B.1.252
INNODE9200	B.1.131
INNODE23343	B.1.539
INNODE8357	B.1.248
EPI_ISL_436609	B.13
INNODE9209	B.1.525
INNODE15979	N.4
INNODE17904	B.1.1.115
INNODE11377	D.2
INNODE13798	C.29
INNODE16818	B.1.1.487
INNODE2818	B.1.177.35
INNODE15731	B.1.1.465
INNODE12463	B.1.1.47
INNODE26617	B.1.467
INNODE7272	B.1.425
INNODE18186	B.1.1.229
INNODE19274	B.1.1.350
INNODE17097	B.1.1.86
EPI_ISL_912369	B.1.214.1
EPI_ISL_424673	S
INNODE19038	B.1.1.437
INNODE1794	W.4
INNODE2642	B.1.177.37
INNODE15907	B.1.1.168
INNODE22680	B.1.221.2
INNODE2403	B.1.177.76
INNODE13969	B.1.1.160
INNODE15903	B.1.1.117
INNODE4828	B.1.223
EPI_ISL_2248778	N.10
INNODE10214	B.1.1.316
INNODE4829	B.1.542
EPI_ISL_784999	B.1.1.335
EPI_ISL_1121759	R.2
INNODE25719	B.1.589
INNODE9040	B.1.547
INNODE20493	B.1.243
INNODE23766	B.1.498
INNODE19025	B.1.1.101
INNODE30059	B.27
INNODE4810	B.1.418
INNODE15917	N.7
INNODE13733	C.2.1
EPI_ISL_436676	B.19
INNODE14820	B.1.1.288
INNODE1314	B.1.177.57
INNODE30297	A.2.3
INNODE20019	B.1.1.399
INNODE21349	B.1.610
INNODE9034	B.1.103
INNODE17094	B.1.1.256
INNODE30291	A.2.2
INNODE21133	B.1.421
INNODE19296	B.1.1.169
INNODE9015	B.1.540
INNODE19057	B.1.1.72
INNODE25976	B.1.338
INNODE25971	B.1.349
INNODE19059	B.1.1.16
INNODE22462	B.1.416.1
INNODE21377	B.1.235
INNODE1770	B.1.177.25
INNODE2623	B.1.177.12
INNODE3959	B.1.177.23
INNODE13742	C.37
EPI_ISL_539202	A.26
INNODE10230	B.1.1.418
INNODE13740	C.2
INNODE30089	B.20
INNODE30088	B.51
INNODE10232	B.1.1.517
INNODE10474	B.1.1.464
INNODE7081	B.1.363
EPI_ISL_812824	C.17
INNODE30083	B.55
INNODE8173	B.1.139
INNODE7068	B.1.334
INNODE9005	B.1.145
INNODE19045	B.1.1.271
INNODE20035	B.1.1.91
INNODE23300	B.1.524
INNODE3941	B.1.177.32
EPI_ISL_1203642	A.23
INNODE11578	P.1
INNODE30075	B.49
INNODE10483	AS.2
INNODE3709	B.1.177.83
INNODE13991	B.1.1.392
INNODE7071	B.1.603
INNODE9491	B.1
INNODE19051	B.1.1.425
INNODE7211	B.1.358
INNODE8301	B.1.206
INNODE7696	B.1.39
INNODE29715	B.6.3
INNODE25111	B.1.596
INNODE17978	B.1.1.31
INNODE18827	B.1.1.57
INNODE16407	B.1.1.343
INNODE14459	AQ.2
INNODE14214	AL.1
INNODE10095	B.1.545
INNODE28859	B.1.245
INNODE5020	B.1.356
INNODE28616	B.1.36
INNODE29945	B.42
INNODE29944	B.43
INNODE9625	C.19
INNODE7688	B.1.332
INNODE8536	B.1.220
INNODE6115	B.1.507
INNODE28611	B.1.460
INNODE27763	B.1.113
INNODE9622	C.18
INNODE28851	B.1.442
INNODE17962	B.1.1.43
INNODE7208	B.1.613
INNODE17724	B.1.1.519
INNODE16878	B.1.1.429
INNODE17968	B.1.1.262
INNODE18819	B.1.1.450
INNODE13377	C.12
INNODE13373	C.14
INNODE7690	B.1.485
INNODE8763	B.1.316
INNODE724	B.1.177.86
INNODE6340	B.1.370
INNODE29736	B.6.4
INNODE28404	B.1.36.20
INNODE17750	B.1.1.272
INNODE28644	B.1.9.3
INNODE16421	B.1.1.280
INNODE26224	B.1.320
INNODE18843	B.1.1.228
INNODE19932	B.1.1.127
INNODE17512	B.1.1.322
INNODE28640	B.1.9.2
INNODE23196	B.1.126
INNODE6106	B.1.506
INNODE18603	B.1.1.398
INNODE27793	B.1.36.26
INNODE8526	B.1.149
INNODE9857	B.1.1.187
EPI_ISL_544039	B.1.285
INNODE14237	B.1.1.231
INNODE14473	AQ.1
INNODE8994	B.1.536
INNODE27549	B.1.160.10
INNODE27305	B.1.160.33
INNODE28636	B.1.9.1
INNODE29967	B.3.1
INNODE28877	B.1.385
INNODE5003	B.1.311
INNODE9845	B.1.1.312
INNODE28632	B.1.9.4
INNODE19921	B.1.1.484
EPI_ISL_934108	AD.2.1
INNODE17743	B.1.1.208
INNODE17501	B.1.1.386
INNODE9606	C.30
INNODE5006	B.1.119
INNODE26693	B.1.36.17
INNODE16656	B.1.1.33
INNODE7669	B.1.264
EPI_ISL_1384313	B.1.214.3
INNODE20918	B.1.556
INNODE14004	B.1.1.135
INNODE15334	B.1.1.286
INNODE14487	B.1.1.39
INNODE14001	B.1.1.320
INNODE5490	B.1.162
INNODE6580	B.1.301
INNODE4161	B.1.177.71
INNODE25557	B.1.588.1
INNODE23136	B.1.88.1
INNODE7013	B.1.302
INNODE7256	B.1.318
INNODE29914	B.4
INNODE23379	B.1.560
INNODE8342	B.1.391
INNODE8349	B.1.254
INNODE22044	B.1.258.5
INNODE9436	B.1.8
INNODE17930	B.1.1.240
INNODE16601	B.1.1.351
INNODE15746	M.1
INNODE13325	B.1.1.226
INNODE11385	B.1.1.426
INNODE6170	B.1.526
INNODE10052	B.1.378
INNODE29919	B.5
INNODE28829	B.1.161
INNODE9440	B.1.187
INNODE27739	B.1.523
INNODE7245	B.1.574
INNODE7487	B.1.513
INNODE5066	B.1.428.2
INNODE29900	B.4.2
INNODE28811	B.1.438
INNODE26633	B.1.458
INNODE22276	B.1.258.15
INNODE7489	B.1.431
INNODE8577	B.1.83
INNODE22270	B.1.258.14
INNODE27960	B.1.36.27
INNODE939	B.1.177.8
INNODE17929	AJ.1
INNODE13576	C.7
INNODE15511	B.1.1.253
INNODE10067	B.1.194
INNODE13571	C.13
EPI_ISL_421308	A.4
INNODE8581	B.1.388
INNODE5073	B.1.411
INNODE29937	B.23
INNODE8323	B.1.179
EPI_ISL_860817	B.1.1.422
INNODE6385	B.1.424
INNODE5058	B.1.428.1
INNODE6148	B.1.267
INNODE28844	B.1.439
INNODE26424	B.1.268
INNODE25576	B.1.588
INNODE17952	B.1.1.377
INNODE22063	B.1.258.23
INNODE16864	B.1.1.236
INNODE18801	B.1.1.99
INNODE18805	B.1.1.87
INNODE14673	B.1.1.434
INNODE8312	B.1.78
INNODE27747	B.1.36.21
INNODE22059	B.1.258.4
INNODE26415	B.1.427
INNODE29923	B
INNODE27985	B.1.36.2
INNODE26896	AB.1
INNODE27501	B.1.160.20
INNODE7467	B.1.118
INNODE26653	B.1.36.33
INNODE16610	N.2
INNODE16853	B.1.1.348
INNODE15539	B.1.1.255
INNODE15778	B.1.1.294
INNODE13599	C.22
INNODE13597	C.34
INNODE14202	B.1.1.358
INNODE14686	B.1.1.304
INNODE13353	C.16
INNODE13592	C.8
INNODE5050	B.1.375
INNODE8560	B.1.147
INNODE5052	B.1.596.1
INNODE5293	B.1.369.1
INNODE4584	B.1.238
INNODE8942	B.1.384
INNODE29799	B.6.1
INNODE18665	B.1.1.61
INNODE5436	B.1.330
INNODE27377	B.1.160.9
INNODE19513	B.1.1.164
INNODE19758	B.1.1.435
INNODE26044	B.1.489
INNODE18429	B.1.1.263
INNODE8707	B.1.377
INNODE10932	AE.3
INNODE15148	B.1.1.219
INNODE14053	B.1.1.338
INNODE14293	B.1.1.344
INNODE4572	B.1.242
INNODE29307	B.1.110.2
INNODE16231	B.1.1.90
INNODE28217	B.1.36.29
INNODE20730	B.1.550
INNODE18651	B.1.1.59
INNODE17563	B.1.1.122
INNODE29788	B.6.8
INNODE3002	B.1.177.43
INNODE17322	B.1.1.194
INNODE4334	B.1.177
INNODE19742	B.1.1.403
INNODE18653	B.1.1.166
INNODE2399	B.1.177.85
INNODE28454	B.1.36.34
INNODE26035	B.1.491
INNODE26033	B.1.490
INNODE5426	B.1.329
INNODE27364	B.1.160.8
INNODE7845	B.1.369
INNODE19749	B.1.1.275
INNODE6519	B.1.595
INNODE28691	B.1.436
INNODE1079	B.1.177.6
INNODE14062	B.1.1.336
INNODE18681	B.1.1.111
INNODE19530	B.1.1.249
INNODE3230	B.1.177.14
INNODE5894	B.1.350.1
INNODE2143	B.1.177.67
INNODE6982	B.1.323
INNODE17114	B.1.1.185
INNODE19775	B.1.1.13
INNODE17357	B.1.1.198
INNODE18446	B.1.173
INNODE2388	B.1.177.52
INNODE18689	B.1.1.92
INNODE30323	A.17
INNODE5413	B.1.448
INNODE5897	B.1.350
INNODE26065	B.1.510
INNODE18206	B.1.1.266
INNODE19538	B.1.1.383
INNODE29574	B.61
INNODE6748	B.1.612
INNODE27160	B.1.160.7
INNODE15169	B.1.1.218
INNODE20528	B.1.239
INNODE5881	B.1.293
INNODE3462	B.1.177.29
INNODE20994	B.1.404
INNODE20993	B.1.403
INNODE16255	B.1.1.258
INNODE19523	B.1.1.461
INNODE28236	B.1.36.16
INNODE5642	B.1.292
INNODE3465	B.1.177.34
INNODE6735	B.1.437
INNODE2135	B.1.177.66
INNODE16258	B.1.1.367
INNODE16016	N.5
INNODE5886	B.1.337
INNODE18439	B.1.1.361
INNODE30317	A.2
INNODE27142	B.1.160.30
INNODE10966	B.1.1.51
INNODE26051	B.1.518
EPI_ISL_1663516	B.1.617.2
INNODE26060	B.1.298
INNODE15179	B.1.1.152
INNODE21600	B.1.236
INNODE22934	B.1.221
INNODE30508	A.23.1
INNODE8983	B.1.528
INNODE5472	B.1.473
INNODE26249	B.1.599
INNODE4385	B.1.1.370
INNODE28427	B.1.36.7
INNODE7897	B.1.304
INNODE3297	AA.8
INNODE17530	B.1.1.327
INNODE26006	B.1.521
INNODE29514	B.38
INNODE18621	B.1.1.41
INNODE7411	B.1.492
INNODE4146	B.1.177.70
INNODE6329	B.1.541
INNODE19953	B.1.1.456
INNODE18867	B.1.1.481
INNODE29993	B.50
INNODE29990	B.3
INNODE17539	B.1.1.89
INNODE8508	B.1.213
INNODE20709	B.1.240.2
INNODE14257	B.1.1.412
INNODE14494	B.1.1.378
INNODE4391	AN.1
EPI_ISL_837429	B.1.177.68
INNODE4372	B.1.1.413
INNODE28417	B.1.36.25
INNODE6555	B.1.433
INNODE17762	B.1.1.507
INNODE3288	AA.7
INNODE5224	B.1.564.1
INNODE16432	B.1.1.141
INNODE29500	B.40
INNODE7407	B.1.165
INNODE17523	B.1.1.324
INNODE4379	B.1.1.299
INNODE18856	B.1.1.165
INNODE10904	B.1.1.48
INNODE19945	B.1.1.265
INNODE28651	B.1.9
INNODE17528	B.1.1.408
INNODE14026	B.1.1.449
INNODE15114	B.1.1.217
INNODE14022	B.1.1.368
INNODE7871	B.1.354
INNODE3272	AA.4
INNODE18881	B.1.1.402
INNODE18880	B.1.1.177
INNODE4362	B.1.1.191
INNODE17792	B.1.1.137
INNODE7875	B.1.263
INNODE18883	B.1.1.328
INNODE26028	B.1.607
INNODE3276	AA.2
INNODE26267	B.1.291
INNODE26025	B.1.372
INNODE29776	B.6.2
INNODE18642	B.1.1.466
INNODE10915	AE.1
INNODE16226	B.1.1.325
INNODE28442	B.1.36.24
INNODE18404	B.1.1.56
INNODE19978	B.1.1.463
INNODE17558	B.1.1.486
INNODE5459	B.1.441
EPI_ISL_829812	M.2
INNODE26020	B.1.357
INNODE14273	B.1.1.67
INNODE5683	B.1.595.4
INNODE17780	B.1.1.254
INNODE998	U.2
INNODE29769	B.6.6
INNODE6533	B.1.423
INNODE29526	B.32
INNODE17783	B.1.1.55
INNODE7623	B.1.520
INNODE5442	B.1.326
INNODE7862	B.1.294
INNODE8952	B.1.393
INNODE26498	B.1.446
INNODE27346	B.1.160.19
INNODE4357	B.1.1.362
INNODE10923	AE.7
INNODE28674	B.1.9.5
INNODE29520	B.34
INNODE4117	B.1.177.16
INNODE18635	B.1.1.205
INNODE16458	B.1.1.397
INNODE16217	B.1.1.374
INNODE8718	B.1.321
INNODE14045	B.1.1.230
INNODE1098	B.1.177.48
INNODE20951	B.1.558
INNODE993	B.1.177.65
INNODE3270	AA.3
INNODE10539	B.1.1.75
INNODE29158	B.1.280
INNODE10777	AE.6
INNODE13802	C.10
INNODE5837	B.1.346
INNODE10536	B.1.1.459
INNODE30385	A.7
INNODE20346	B.1.602
INNODE23855	B.1.497
INNODE17182	B.1.1.279
INNODE16094	N.1
INNODE20108	B.1.1.480
INNODE17183	B.1.1.360
INNODE19583	B.1.1.154
INNODE18251	B.1.1.516
INNODE18493	B.1.1.467
INNODE18253	B.1.1.384
INNODE3881	B.1.177.51
INNODE19589	B.1.1.396
INNODE19346	B.1.1.331
INNODE19106	B.1.1.93
INNODE18018	B.1.1.153
INNODE2797	B.1.177.42
INNODE14905	B.1.1.301
INNODE6913	B.1.343
INNODE30375	A.9
INNODE21426	B.1.396
INNODE1471	B.1.177.77
INNODE19375	B.1.1.97
INNODE21213	B.1.229
INNODE20123	B.1.1.404
INNODE19137	K.1
INNODE3632	B.1.177.82
INNODE14914	B.1.1.300
INNODE29175	B.1.474
INNODE13824	C.21
INNODE2308	B.1.177.80
INNODE6906	B.1.570
INNODE11644	K.3
INNODE10554	B.1.1.4
INNODE1440	B.1.177.56
INNODE19380	B.1.1.112
INNODE22306	G.1
INNODE19120	B.1.1.421
INNODE9169	B.1.215
INNODE21203	B.1.405
INNODE18277	B.1.1.192
INNODE19127	B.1.1.44
INNODE23861	B.1.494
INNODE28075	B.1.36.36
INNODE5808	B.1.516
INNODE11654	B.1.1.277
INNODE30396	A.12
INNODE30399	A
INNODE275	B.1.177.63
INNODE21204	B.1.401
INNODE23624	B.1.499
INNODE8088	B.1.205
INNODE9176	B.1.198
INNODE19130	B.1.1.197
INNODE30390	A.28
INNODE19371	B.1.1.95
INNODE22962	B.1.211
INNODE18221	B.1.1.442
INNODE29119	B.1.279
INNODE3452	B.1.177.28
INNODE6963	B.1.428
INNODE2365	Y.1
INNODE19313	B.1.1.180
EPI_ISL_424396	B.18
INNODE27178	B.1.160.28
INNODE28025	B.1.36.28
INNODE30345	B.53
INNODE18227	B.1.1.447
INNODE30348	A.27
INNODE26087	B.1.12
INNODE29597	B.58
INNODE6965	B.1.488
INNODE28265	B.1.36.22
INNODE10975	B.1.1.210
INNODE4549	B.1.399
INNODE29353	B.1.110
INNODE8905	B.1.227
INNODE26083	B.1.306
INNODE3219	AA.1
INNODE6969	B.1.614
INNODE6727	B.1.315
INNODE21639	B.1.224
INNODE22966	B.1.387
INNODE14094	B.1.1.189
INNODE16292	B.1.1.382
INNODE17381	B.1.537
INNODE18453	AG.1
INNODE3682	B.1.177.87
INNODE21621	B.1.237
INNODE6951	B.1.428.3
INNODE19300	B.1.1.410
INNODE16276	B.1.1.356
INNODE3442	B.1.177.72
INNODE19787	B.1.1.62
INNODE29348	B.1.110.3
INNODE18215	B.1.1.446
INNODE16037	N.9
INNODE5623	B.1.562
INNODE28499	B.1.468
INNODE17126	B.1.548
INNODE30334	B.12
INNODE28012	B.1.36.38
INNODE6712	B.1.314
INNODE30336	A.5
INNODE10744	AE.8
INNODE29583	B.33
INNODE10500	AS.1
INNODE30333	B.57
INNODE15199	B.1.1.319
INNODE15194	B.1.1.371
EPI_ISL_903124	B.1.1.334
INNODE16064	N.3
INNODE2341	B.1.177.3
INNODE29378	B.1.22.1
INNODE30367	A.19
INNODE6704	B.1.310
INNODE28291	B.1.36.31
INNODE10994	B.1.1.139
INNODE1001	U.1
INNODE22504	B.1.189
INNODE2573	B.1.177.10
INNODE17148	B.1.1.3
INNODE19327	B.1.1.174
INNODE19568	B.1.1.155
INNODE26098	B.1.344
INNODE4756	B.1.231
INNODE6931	B.1.166
INNODE19328	B.1.1.407
INNODE29365	B.1.260
INNODE10768	B.1.538
INNODE10767	AE.4
INNODE10525	B.1.1.317
INNODE1498	Z.1
INNODE21647	B.1.417
INNODE21887	B.1.258.9
INNODE18481	B.1.1.297
INNODE900	B.1.177.58
INNODE7178	B.1.585
INNODE23456	B.1.351
INNODE6088	B.1.287
INNODE20184	B.1.1
INNODE13407	C.26
INNODE2966	B.1.177.38
INNODE21270	B.1.241
INNODE14736	B.1.1.329
INNODE4906	B.1.192
INNODE13644	C.1.1
INNODE13641	B.1.1.375
INNODE9360	B.1.549
INNODE8270	B.1.195
INNODE8272	B.1.203
INNODE25639	B.1.577
INNODE22355	B.1.258.3
INNODE19186	B.1.1.129
INNODE8255	B.1.219
INNODE26711	B.1.36.35
INNODE22599	B.1.180
INNODE26951	B.1.160.15
INNODE22110	B.1.258.17
INNODE9107	B.1.617.1
INNODE9589	C.30.1
INNODE15839	L.4
INNODE13416	C.27
INNODE12568	B.1.1.113
INNODE13657	C.1
INNODE2717	B.1.177.26
INNODE15832	L.1
INNODE10389	B.1.1.289
INNODE13897	B.1.1.369
INNODE12561	B.1.1.209
INNODE6080	B.1.422
INNODE7174	B.1.590
INNODE25868	B.1.426
INNODE9351	B.1.81
INNODE25898	B.1.594
INNODE26504	B.1.333
INNODE23237	B.1.382
INNODE23238	B.1.563
INNODE23475	B.1.568
INNODE21058	B.1.169
EPI_ISL_420175	B.15
INNODE2943	B.1.177.44
INNODE2704	B.1.177.33
INNODE2947	B.1.177.39
INNODE11003	B.1.1.285
EPI_ISL_602404	B.1.1.452
INNODE14513	B.1.1.333
INNODE12577	AF.1
INNODE13421	C.28
INNODE14752	B.1.1.355
INNODE23225	B.1.140
INNODE21286	B.1.402
INNODE26975	B.1.160.14
INNODE8239	B.1.527
INNODE9327	B.1.543
INNODE22134	B.1.258.22
INNODE12109	B.1.1.214
INNODE15856	L.2
INNODE14764	B.1.1.119
INNODE13672	C.9
INNODE14760	B.1.1.282
INNODE27829	B.1.36.1
INNODE18065	B.1.1.147
INNODE23655	B.1.504
INNODE23414	B.1.351.2
INNODE29199	B.1.277
INNODE4702	B.1.233
INNODE29197	B.1.13
INNODE3859	B.1.177.9
INNODE11664	B.1.1.26
INNODE10577	B.1.1.5
INNODE8070	B.1.127
INNODE8076	B.1.97
INNODE19162	B.1.1.190
EPI_ISL_1384266	B.1.177.31
INNODE19143	K.2
INNODE22796	B.1.221.4
INNODE18054	B.1.1.170
INNODE9389	B.1.188
INNODE22313	B.1.258.2
INNODE8056	B.1.96
INNODE22556	B.1.609
INNODE13612	C.3
INNODE10102	B.1.76
INNODE13854	B.1.1.1
INNODE1437	B.1.177.54
INNODE10582	B.1.1.400
INNODE10580	B.1.1.352
INNODE19390	B.1.1.109
EPI_ISL_2161071	B.1.1.523
INNODE9396	B.1.105
INNODE23648	B.1.503
INNODE25827	B.1.265
INNODE26914	B.1.160.16
INNODE9152	B.1.143
INNODE8048	B.1.128
INNODE23675	B.1.501
INNODE19176	B.1.1.136
INNODE22587	B.1.415
INNODE9378	B.1.395
INNODE18088	B.1.1.342
INNODE21493	B.1.561
INNODE7199	B.1.511
INNODE9376	B.1.35
INNODE21250	B.1.408
INNODE13868	B.1.1.372
INNODE13623	C.32
INNODE14711	B.1.1.273
INNODE11445	B.1.1.414
INNODE16906	B.1.1.52
INNODE11440	B.1.1.242
INNODE1401	V.1
INNODE11681	B.1.1.431
INNODE8293	B.1.546
INNODE18094	B.1.1.145
INNODE19164	B.59
INNODE26932	B.1.160.12
INNODE25602	B.1.587
INNODE6099	B.1.167
INNODE19166	B.1.1.88
INNODE18079	B.1.1.296
INNODE22574	B.1.181
INNODE2733	B.1.177.74
INNODE10369	B.1.1.290
INNODE2977	B.1.177.36
INNODE11457	B.1.1.453
INNODE10125	B.1.70
INNODE3829	B.1.177.30
INNODE12544	B.1.1.50
INNODE10363	B.1.1.291
INNODE11690	B.1.1.49
INNODE7196	B.1.108
